,新闻好坏
0,Postive
1,Postive
2,Negetive
3,Postive
4,Postive
5,Postive
6,Postive
7,Postive
8,Postive
9,Postive
10,Postive
11,Postive
12,Postive
13,Postive
14,Postive
15,Postive
16,Postive
17,Postive
18,Postive
19,Postive
20,Postive
21,Postive
22,Postive
23,Postive
24,Postive
25,Postive
26,Postive
27,Postive
28,Postive
29,Postive
30,Postive
31,Negetive
32,Postive
33,Postive
34,Postive
35,Postive
36,Postive
37,Postive
38,Postive
39,Postive
40,Postive
41,Postive
42,Postive
43,Postive
44,Postive
45,Postive
46,Postive
47,Postive
48,Postive
49,Postive
50,Postive
51,Postive
52,Postive
53,Postive
54,Postive
55,Postive
56,Postive
57,Postive
58,Postive
59,Postive
60,Postive
61,Postive
62,Postive
63,Postive
64,Postive
65,Postive
66,Postive
67,Postive
68,Postive
69,Postive
70,Postive
71,Postive
72,Postive
73,Postive
74,Negetive
75,Postive
76,Postive
77,Postive
78,Postive
79,Postive
80,Postive
81,Postive
82,Postive
83,Postive
84,Postive
85,Postive
86,Postive
87,Postive
88,Postive
89,Postive
90,Postive
91,Postive
92,Postive
93,Postive
94,Postive
95,Postive
96,Postive
97,Postive
98,Postive
99,Postive
100,Postive
101,Postive
102,Postive
103,Postive
104,Postive
105,Postive
106,Postive
107,Postive
108,Postive
109,Postive
110,Postive
111,Postive
112,Postive
113,Postive
114,Postive
115,Postive
116,Postive
117,Negetive
118,Postive
119,Negetive
120,Postive
121,Postive
122,Postive
123,Postive
124,Postive
125,Postive
126,Postive
127,Postive
128,Postive
129,Negetive
130,Postive
131,Postive
132,Postive
133,Postive
134,Postive
135,Postive
136,Postive
137,Postive
138,Postive
139,Postive
140,Postive
141,Postive
142,Postive
143,Postive
144,Postive
145,Postive
146,Postive
147,Postive
148,Postive
149,Postive
150,Postive
151,Postive
152,Postive
153,Postive
154,Postive
155,Postive
156,Postive
157,Postive
158,Postive
159,Postive
160,Postive
161,Postive
162,Postive
163,Postive
164,Postive
165,Postive
166,Postive
167,Postive
168,Postive
169,Postive
170,Postive
171,Postive
172,Postive
173,Postive
174,Postive
175,Postive
176,Postive
177,Postive
178,Postive
179,Postive
180,Postive
181,Negetive
182,Postive
183,Postive
184,Postive
185,Postive
186,Postive
187,Postive
188,Postive
189,Postive
190,Negetive
191,Postive
192,Postive
193,Postive
194,Postive
195,Postive
196,Postive
197,Postive
198,Postive
199,Postive
200,Postive
201,Postive
202,Negetive
203,Postive
204,Postive
205,Postive
206,Postive
207,Postive
208,Postive
209,Postive
210,Postive
211,Postive
212,Postive
213,Postive
214,Postive
215,Postive
216,Postive
217,Postive
218,Postive
219,Postive
220,Postive
221,Negetive
222,Postive
223,Postive
224,Postive
225,Postive
226,Postive
227,Postive
228,Postive
229,Postive
230,Postive
231,Negetive
232,Postive
233,Postive
234,Postive
235,Postive
236,Negetive
237,Postive
238,Postive
239,Postive
240,Negetive
241,Postive
242,Postive
243,Negetive
244,Negetive
245,Postive
246,Negetive
247,Postive
248,Postive
249,Postive
250,Postive
251,Postive
252,Postive
253,Negetive
254,Postive
255,Postive
256,Postive
257,Postive
258,Postive
259,Postive
260,Postive
261,Postive
262,Postive
263,Postive
264,Postive
265,Negetive
266,Negetive
267,Postive
268,Postive
269,Postive
270,Postive
271,Negetive
272,Negetive
273,Postive
274,Postive
275,Postive
276,Postive
277,Postive
278,Postive
279,Postive
280,Postive
281,Postive
282,Postive
283,Postive
284,Postive
285,Postive
286,Postive
287,Postive
288,Postive
289,Postive
290,Postive
291,Postive
292,Postive
293,Postive
294,Postive
295,Postive
296,Postive
297,Postive
298,Negetive
299,Postive
300,Postive
301,Postive
302,Postive
303,Postive
304,Postive
305,Negetive
306,Postive
307,Postive
308,Postive
309,Negetive
310,Postive
311,Postive
312,Postive
313,Postive
314,Postive
315,Postive
316,Postive
317,Postive
318,Negetive
319,Postive
320,Postive
321,Postive
322,Postive
323,Postive
324,Postive
325,Postive
326,Postive
327,Negetive
328,Postive
329,Postive
330,Postive
331,Postive
332,Postive
333,Postive
334,Postive
335,Postive
336,Postive
337,Postive
338,Postive
339,Postive
340,Postive
341,Postive
342,Postive
343,Postive
344,Postive
345,Postive
346,Postive
347,Postive
348,Postive
349,Postive
350,Postive
351,Postive
352,Postive
353,Postive
354,Postive
355,Postive
356,Postive
357,Postive
358,Negetive
359,Postive
360,Postive
361,Postive
362,Postive
363,Postive
364,Postive
365,Postive
366,Postive
367,Postive
368,Postive
369,Postive
370,Postive
371,Postive
372,Postive
373,Postive
374,Postive
375,Postive
376,Postive
377,Postive
378,Postive
379,Postive
380,Postive
381,Postive
382,Postive
383,Postive
384,Postive
385,Postive
386,Postive
387,Postive
388,Postive
389,Postive
390,Postive
391,Postive
392,Postive
393,Postive
394,Postive
395,Negetive
396,Postive
397,Postive
398,Postive
399,Postive
400,Postive
401,Postive
402,Postive
403,Postive
404,Postive
405,Postive
406,Postive
407,Postive
408,Postive
409,Negetive
410,Postive
411,Postive
412,Postive
413,Postive
414,Postive
415,Postive
416,Postive
417,Postive
418,Postive
419,Postive
420,Postive
421,Negetive
422,Postive
423,Postive
424,Postive
425,Postive
426,Postive
427,Postive
428,Postive
429,Postive
430,Postive
431,Postive
432,Postive
433,Postive
434,Postive
435,Postive
436,Postive
437,Postive
438,Postive
439,Postive
440,Postive
441,Postive
442,Negetive
443,Postive
444,Postive
445,Postive
446,Postive
447,Postive
448,Postive
449,Negetive
450,Postive
451,Postive
452,Postive
453,Postive
454,Postive
455,Postive
456,Postive
457,Postive
458,Postive
459,Postive
460,Postive
461,Postive
462,Postive
463,Postive
464,Postive
465,Postive
466,Postive
467,Postive
468,Postive
469,Postive
470,Postive
471,Postive
472,Postive
473,Postive
474,Postive
475,Postive
476,Postive
477,Postive
478,Postive
479,Postive
480,Postive
481,Negetive
482,Postive
483,Postive
484,Postive
485,Postive
486,Postive
487,Postive
488,Postive
489,Postive
490,Postive
491,Postive
492,Postive
493,Postive
494,Postive
495,Postive
496,Postive
497,Postive
498,Postive
499,Postive
500,Postive
501,Postive
502,Postive
503,Postive
504,Postive
505,Postive
506,Postive
507,Postive
508,Postive
509,Postive
510,Postive
511,Negetive
512,Postive
513,Postive
514,Postive
515,Postive
516,Postive
517,Postive
518,Postive
519,Postive
520,Negetive
521,Postive
522,Postive
523,Postive
524,Postive
525,Postive
526,Postive
527,Postive
528,Postive
529,Postive
530,Postive
531,Postive
532,Postive
533,Postive
534,Postive
535,Postive
536,Postive
537,Postive
538,Postive
539,Postive
540,Postive
541,Postive
542,Negetive
543,Postive
544,Postive
545,Postive
546,Negetive
547,Postive
548,Postive
549,Postive
550,Postive
551,Postive
552,Postive
553,Postive
554,Negetive
555,Postive
556,Postive
557,Postive
558,Postive
559,Negetive
560,Negetive
561,Negetive
562,Negetive
563,Postive
564,Postive
565,Postive
566,Negetive
567,Negetive
568,Postive
569,Postive
570,Postive
571,Postive
572,Negetive
573,Negetive
574,Negetive
575,Postive
576,Postive
577,Postive
578,Postive
579,Negetive
580,Postive
581,Negetive
582,Negetive
583,Postive
584,Postive
585,Postive
586,Negetive
587,Negetive
588,Postive
589,Postive
590,Postive
591,Postive
592,Postive
593,Postive
594,Postive
595,Negetive
596,Negetive
597,Postive
598,Postive
599,Postive
600,Negetive
601,Postive
602,Negetive
603,Postive
604,Negetive
605,Postive
606,Negetive
607,Negetive
608,Postive
609,Postive
610,Postive
611,Postive
612,Postive
613,Negetive
614,Postive
615,Postive
616,Postive
617,Postive
618,Postive
619,Postive
620,Postive
621,Postive
622,Postive
623,Postive
624,Negetive
625,Postive
626,Postive
627,Postive
628,Postive
629,Negetive
630,Postive
631,Postive
632,Postive
633,Postive
634,Postive
635,Negetive
636,Postive
637,Postive
638,Postive
639,Postive
640,Postive
641,Postive
642,Postive
643,Postive
644,Postive
645,Negetive
646,Postive
647,Postive
648,Negetive
649,Postive
650,Postive
651,Postive
652,Postive
653,Postive
654,Postive
655,Postive
656,Postive
657,Postive
658,Postive
659,Postive
660,Postive
661,Postive
662,Postive
663,Postive
664,Postive
665,Postive
666,Postive
667,Postive
668,Postive
669,Postive
670,Postive
671,Postive
672,Postive
673,Postive
674,Postive
675,Postive
676,Postive
677,Postive
678,Postive
679,Postive
680,Postive
681,Postive
682,Postive
683,Postive
684,Postive
685,Postive
686,Postive
687,Postive
688,Postive
689,Postive
690,Postive
691,Postive
692,Postive
693,Postive
694,Postive
695,Postive
696,Postive
697,Postive
698,Postive
699,Postive
700,Postive
701,Postive
702,Postive
703,Postive
704,Postive
705,Postive
706,Postive
707,Postive
708,Postive
709,Postive
710,Postive
711,Postive
712,Postive
713,Postive
714,Postive
715,Postive
716,Postive
717,Postive
718,Postive
719,Postive
720,Postive
721,Postive
722,Postive
723,Postive
724,Postive
725,Postive
726,Postive
727,Postive
728,Postive
729,Negetive
730,Postive
731,Postive
732,Postive
733,Negetive
734,Postive
735,Postive
736,Postive
737,Postive
738,Postive
739,Postive
740,Postive
741,Postive
742,Postive
743,Postive
744,Postive
745,Postive
746,Postive
747,Postive
748,Postive
749,Postive
750,Postive
751,Postive
752,Postive
753,Postive
754,Postive
755,Postive
756,Postive
757,Postive
758,Postive
759,Postive
760,Postive
761,Postive
762,Postive
763,Postive
764,Postive
765,Postive
766,Postive
767,Postive
768,Postive
769,Postive
770,Postive
771,Postive
772,Postive
773,Postive
774,Postive
775,Postive
776,Postive
777,Postive
778,Postive
779,Postive
780,Postive
781,Postive
782,Postive
783,Postive
784,Postive
785,Postive
786,Postive
787,Postive
788,Postive
789,Postive
790,Postive
791,Postive
792,Postive
793,Postive
794,Postive
795,Postive
796,Postive
797,Postive
798,Postive
799,Postive
800,Postive
801,Postive
802,Postive
803,Postive
804,Postive
805,Postive
806,Postive
807,Postive
808,Postive
809,Postive
810,Postive
811,Postive
812,Postive
813,Postive
814,Postive
815,Postive
816,Postive
817,Postive
818,Postive
819,Postive
820,Postive
821,Postive
822,Postive
823,Postive
824,Postive
825,Postive
826,Postive
827,Postive
828,Postive
829,Postive
830,Postive
831,Postive
832,Postive
833,Postive
834,Postive
835,Negetive
836,Postive
837,Postive
838,Postive
839,Postive
840,Postive
841,Postive
842,Postive
843,Postive
844,Negetive
845,Postive
846,Postive
847,Postive
848,Postive
849,Postive
850,Postive
851,Postive
852,Postive
853,Postive
854,Postive
855,Postive
856,Postive
857,Postive
858,Postive
859,Postive
860,Postive
861,Postive
862,Postive
863,Postive
864,Postive
865,Postive
866,Postive
867,Postive
868,Postive
869,Postive
870,Postive
871,Postive
872,Postive
873,Postive
874,Negetive
875,Postive
876,Postive
877,Postive
878,Postive
879,Postive
880,Postive
881,Negetive
882,Postive
883,Postive
884,Postive
885,Postive
886,Postive
887,Postive
888,Postive
889,Postive
890,Postive
891,Postive
892,Postive
893,Negetive
894,Postive
895,Negetive
896,Postive
897,Postive
898,Postive
899,Postive
900,Postive
901,Postive
902,Postive
903,Postive
904,Postive
905,Postive
906,Postive
907,Postive
908,Postive
909,Postive
910,Postive
911,Postive
912,Postive
913,Negetive
914,Postive
915,Postive
916,Postive
917,Postive
918,Postive
919,Postive
920,Postive
921,Postive
922,Postive
923,Negetive
924,Postive
925,Postive
926,Postive
927,Postive
928,Negetive
929,Postive
930,Postive
931,Postive
932,Postive
933,Postive
934,Postive
935,Negetive
936,Postive
937,Postive
938,Postive
939,Postive
940,Postive
941,Postive
942,Postive
943,Postive
944,Postive
945,Postive
946,Postive
947,Postive
948,Postive
949,Postive
950,Postive
951,Postive
952,Postive
953,Postive
954,Postive
955,Postive
956,Postive
957,Postive
958,Postive
959,Postive
960,Postive
961,Postive
962,Postive
963,Postive
964,Postive
965,Postive
966,Postive
967,Postive
968,Postive
969,Postive
970,Postive
971,Postive
972,Postive
973,Postive
974,Postive
975,Postive
976,Postive
977,Postive
978,Postive
979,Postive
980,Postive
981,Postive
982,Postive
983,Postive
984,Postive
985,Postive
986,Postive
987,Postive
988,Postive
989,Postive
990,Postive
991,Postive
992,Postive
993,Postive
994,Postive
995,Postive
996,Postive
997,Postive
998,Postive
999,Postive
1000,Postive
1001,Postive
1002,Postive
1003,Postive
1004,Postive
1005,Postive
1006,Postive
1007,Postive
1008,Postive
1009,Postive
1010,Postive
1011,Postive
1012,Postive
1013,Postive
1014,Postive
1015,Postive
1016,Postive
1017,Postive
1018,Postive
1019,Postive
1020,Postive
1021,Postive
1022,Postive
1023,Postive
1024,Postive
1025,Postive
1026,Postive
1027,Postive
1028,Postive
1029,Postive
1030,Postive
1031,Postive
1032,Postive
1033,Postive
1034,Postive
1035,Postive
1036,Postive
1037,Postive
1038,Postive
1039,Postive
1040,Postive
1041,Postive
1042,Postive
1043,Postive
1044,Postive
1045,Postive
1046,Postive
1047,Postive
1048,Postive
1049,Postive
1050,Postive
1051,Postive
1052,Postive
1053,Postive
1054,Postive
1055,Postive
1056,Postive
1057,Postive
1058,Postive
1059,Postive
1060,Postive
1061,Postive
1062,Postive
1063,Postive
1064,Postive
1065,Postive
1066,Postive
1067,Postive
1068,Postive
1069,Postive
1070,Postive
1071,Postive
1072,Postive
1073,Postive
1074,Postive
1075,Postive
1076,Postive
1077,Postive
1078,Postive
1079,Postive
1080,Postive
1081,Postive
1082,Postive
1083,Postive
1084,Postive
1085,Postive
1086,Postive
1087,Postive
1088,Postive
1089,Postive
1090,Postive
1091,Negetive
1092,Postive
1093,Postive
1094,Postive
1095,Postive
1096,Postive
1097,Postive
1098,Postive
1099,Postive
1100,Postive
1101,Postive
1102,Postive
1103,Postive
1104,Postive
1105,Negetive
1106,Postive
1107,Postive
1108,Postive
1109,Postive
1110,Postive
1111,Postive
1112,Postive
1113,Postive
1114,Postive
1115,Postive
1116,Postive
1117,Postive
1118,Postive
1119,Negetive
1120,Negetive
1121,Postive
1122,Postive
1123,Postive
1124,Postive
1125,Negetive
1126,Negetive
1127,Postive
1128,Negetive
1129,Postive
1130,Postive
1131,Postive
1132,Postive
1133,Postive
1134,Postive
1135,Postive
1136,Postive
1137,Postive
1138,Postive
1139,Negetive
1140,Postive
1141,Postive
1142,Postive
1143,Postive
1144,Postive
1145,Postive
1146,Postive
1147,Negetive
1148,Postive
1149,Negetive
1150,Postive
1151,Postive
1152,Postive
1153,Postive
1154,Postive
1155,Postive
1156,Postive
1157,Postive
1158,Postive
1159,Postive
1160,Postive
1161,Postive
1162,Postive
1163,Postive
1164,Postive
1165,Postive
1166,Postive
1167,Postive
1168,Postive
1169,Postive
1170,Postive
1171,Postive
1172,Postive
1173,Postive
1174,Postive
1175,Postive
1176,Postive
1177,Postive
1178,Postive
1179,Postive
1180,Postive
1181,Postive
1182,Negetive
1183,Postive
1184,Postive
1185,Postive
1186,Postive
1187,Postive
1188,Postive
1189,Postive
1190,Negetive
1191,Postive
1192,Negetive
1193,Postive
1194,Postive
1195,Postive
1196,Postive
1197,Postive
1198,Postive
1199,Postive
1200,Postive
1201,Postive
1202,Postive
1203,Postive
1204,Postive
1205,Negetive
1206,Postive
1207,Postive
1208,Postive
1209,Postive
1210,Postive
1211,Postive
1212,Negetive
1213,Postive
1214,Postive
1215,Postive
1216,Postive
1217,Postive
1218,Postive
1219,Postive
1220,Postive
1221,Postive
1222,Postive
1223,Postive
1224,Postive
1225,Postive
1226,Postive
1227,Postive
1228,Postive
1229,Postive
1230,Postive
1231,Postive
1232,Postive
1233,Postive
1234,Postive
1235,Postive
1236,Postive
1237,Postive
1238,Postive
1239,Postive
1240,Postive
1241,Postive
1242,Postive
1243,Postive
1244,Postive
1245,Postive
1246,Negetive
1247,Postive
1248,Postive
1249,Postive
1250,Postive
1251,Postive
1252,Postive
1253,Postive
1254,Negetive
1255,Postive
1256,Postive
1257,Postive
1258,Postive
1259,Postive
1260,Postive
1261,Postive
1262,Postive
1263,Postive
1264,Postive
1265,Postive
1266,Postive
1267,Postive
1268,Postive
1269,Postive
1270,Postive
1271,Postive
1272,Postive
1273,Postive
1274,Postive
1275,Postive
1276,Postive
1277,Postive
1278,Postive
1279,Postive
1280,Postive
1281,Postive
1282,Postive
1283,Postive
1284,Postive
1285,Postive
1286,Postive
1287,Postive
1288,Postive
1289,Postive
1290,Postive
1291,Postive
1292,Postive
1293,Postive
1294,Postive
1295,Postive
1296,Postive
1297,Postive
1298,Postive
1299,Postive
1300,Postive
1301,Postive
1302,Postive
1303,Postive
1304,Postive
1305,Postive
1306,Postive
1307,Postive
1308,Postive
1309,Postive
1310,Negetive
1311,Negetive
1312,Postive
1313,Postive
1314,Postive
1315,Postive
1316,Postive
1317,Postive
1318,Postive
1319,Postive
1320,Postive
1321,Postive
1322,Postive
1323,Postive
1324,Postive
1325,Postive
1326,Postive
1327,Postive
1328,Postive
1329,Postive
1330,Postive
1331,Postive
1332,Postive
1333,Postive
1334,Postive
1335,Postive
1336,Postive
1337,Postive
1338,Postive
1339,Postive
1340,Postive
1341,Postive
1342,Postive
1343,Postive
1344,Postive
1345,Postive
1346,Postive
1347,Postive
1348,Postive
1349,Postive
1350,Postive
1351,Postive
1352,Postive
1353,Postive
1354,Postive
1355,Postive
1356,Postive
1357,Postive
1358,Postive
1359,Postive
1360,Postive
1361,Postive
1362,Postive
1363,Postive
1364,Postive
1365,Postive
1366,Postive
1367,Postive
1368,Postive
1369,Postive
1370,Negetive
1371,Postive
1372,Postive
1373,Postive
1374,Postive
1375,Postive
1376,Postive
1377,Postive
1378,Postive
1379,Postive
1380,Postive
1381,Postive
1382,Postive
1383,Postive
1384,Postive
1385,Postive
1386,Postive
1387,Postive
1388,Postive
1389,Postive
1390,Postive
1391,Postive
1392,Postive
1393,Postive
1394,Postive
1395,Postive
1396,Postive
1397,Postive
1398,Postive
1399,Postive
1400,Postive
1401,Postive
1402,Postive
1403,Postive
1404,Postive
1405,Postive
1406,Postive
1407,Postive
1408,Postive
1409,Postive
1410,Postive
1411,Negetive
1412,Postive
1413,Postive
1414,Postive
1415,Postive
1416,Postive
1417,Postive
1418,Postive
1419,Postive
1420,Postive
1421,Postive
1422,Postive
1423,Postive
1424,Postive
1425,Postive
1426,Postive
1427,Postive
1428,Postive
1429,Postive
1430,Postive
1431,Postive
1432,Postive
1433,Postive
1434,Postive
1435,Postive
1436,Postive
1437,Postive
1438,Postive
1439,Postive
1440,Postive
1441,Postive
1442,Postive
1443,Postive
1444,Postive
1445,Postive
1446,Postive
1447,Postive
1448,Postive
1449,Postive
1450,Postive
1451,Postive
1452,Postive
1453,Postive
1454,Postive
1455,Postive
1456,Postive
1457,Postive
1458,Postive
1459,Postive
1460,Postive
1461,Postive
1462,Negetive
1463,Postive
1464,Postive
1465,Postive
1466,Postive
1467,Negetive
1468,Postive
1469,Postive
1470,Postive
1471,Postive
1472,Postive
1473,Postive
1474,Postive
1475,Postive
1476,Postive
1477,Postive
1478,Postive
1479,Postive
1480,Postive
1481,Postive
1482,Postive
1483,Postive
1484,Postive
1485,Postive
1486,Negetive
1487,Postive
1488,Postive
1489,Postive
1490,Postive
1491,Postive
1492,Postive
1493,Postive
1494,Negetive
1495,Postive
1496,Postive
1497,Postive
1498,Postive
1499,Postive
1500,Postive
1501,Postive
1502,Postive
1503,Postive
1504,Postive
1505,Postive
1506,Postive
1507,Postive
1508,Postive
1509,Postive
1510,Postive
1511,Postive
1512,Postive
1513,Postive
1514,Postive
1515,Negetive
1516,Postive
1517,Postive
1518,Postive
1519,Postive
1520,Postive
1521,Postive
1522,Postive
1523,Postive
1524,Postive
1525,Postive
1526,Postive
1527,Postive
1528,Postive
1529,Postive
1530,Postive
1531,Postive
1532,Postive
1533,Postive
1534,Postive
1535,Postive
1536,Postive
1537,Postive
1538,Postive
1539,Postive
1540,Postive
1541,Postive
1542,Postive
1543,Postive
1544,Negetive
1545,Postive
1546,Negetive
1547,Postive
1548,Postive
1549,Postive
1550,Postive
1551,Postive
1552,Postive
1553,Postive
1554,Postive
1555,Postive
1556,Negetive
1557,Postive
1558,Postive
1559,Postive
1560,Postive
1561,Postive
1562,Postive
1563,Postive
1564,Postive
1565,Postive
1566,Postive
1567,Negetive
1568,Postive
1569,Negetive
1570,Postive
1571,Postive
1572,Negetive
1573,Postive
1574,Negetive
1575,Postive
1576,Negetive
1577,Negetive
1578,Postive
1579,Postive
1580,Postive
1581,Postive
1582,Negetive
1583,Postive
1584,Postive
1585,Postive
1586,Postive
1587,Postive
1588,Postive
1589,Postive
1590,Postive
1591,Postive
1592,Postive
1593,Postive
1594,Postive
1595,Postive
1596,Postive
1597,Postive
1598,Negetive
1599,Postive
1600,Postive
1601,Postive
1602,Postive
1603,Postive
1604,Postive
1605,Postive
1606,Postive
1607,Postive
1608,Postive
1609,Postive
1610,Postive
1611,Postive
1612,Postive
1613,Negetive
1614,Negetive
1615,Postive
1616,Postive
1617,Negetive
1618,Postive
1619,Postive
1620,Negetive
1621,Postive
1622,Postive
1623,Postive
1624,Postive
1625,Postive
1626,Postive
1627,Postive
1628,Negetive
1629,Postive
1630,Postive
1631,Postive
1632,Postive
1633,Postive
1634,Negetive
1635,Postive
1636,Postive
1637,Postive
1638,Postive
1639,Postive
1640,Postive
1641,Postive
1642,Postive
1643,Postive
1644,Postive
1645,Postive
1646,Postive
1647,Postive
1648,Postive
1649,Postive
1650,Postive
1651,Postive
1652,Postive
1653,Postive
1654,Postive
1655,Postive
1656,Postive
1657,Negetive
1658,Postive
1659,Postive
1660,Postive
1661,Negetive
1662,Negetive
1663,Postive
1664,Postive
1665,Postive
1666,Postive
1667,Negetive
1668,Negetive
1669,Postive
1670,Postive
1671,Postive
1672,Postive
1673,Postive
1674,Postive
1675,Postive
1676,Postive
1677,Postive
1678,Postive
1679,Postive
1680,Postive
1681,Postive
1682,Postive
1683,Postive
1684,Postive
1685,Postive
1686,Postive
1687,Postive
1688,Postive
1689,Postive
1690,Postive
1691,Negetive
1692,Postive
1693,Postive
1694,Postive
1695,Postive
1696,Postive
1697,Postive
1698,Postive
1699,Postive
1700,Postive
1701,Postive
1702,Postive
1703,Postive
1704,Postive
1705,Postive
1706,Postive
1707,Postive
1708,Postive
1709,Postive
1710,Postive
1711,Postive
1712,Postive
1713,Postive
1714,Postive
1715,Postive
1716,Postive
1717,Postive
1718,Postive
1719,Postive
1720,Postive
1721,Postive
1722,Postive
1723,Postive
1724,Postive
1725,Postive
1726,Postive
1727,Postive
1728,Postive
1729,Postive
1730,Postive
1731,Postive
1732,Postive
1733,Postive
1734,Postive
1735,Postive
1736,Postive
1737,Postive
1738,Postive
1739,Postive
1740,Postive
1741,Postive
1742,Postive
1743,Postive
1744,Postive
1745,Negetive
1746,Postive
1747,Postive
1748,Postive
1749,Postive
1750,Postive
1751,Postive
1752,Postive
1753,Postive
1754,Postive
1755,Postive
1756,Postive
1757,Postive
1758,Postive
1759,Negetive
1760,Postive
1761,Postive
1762,Negetive
1763,Negetive
1764,Postive
1765,Postive
1766,Postive
1767,Postive
1768,Postive
1769,Postive
1770,Postive
1771,Postive
1772,Postive
1773,Postive
1774,Postive
1775,Postive
1776,Postive
1777,Postive
1778,Postive
1779,Postive
1780,Postive
1781,Postive
1782,Negetive
1783,Negetive
1784,Negetive
1785,Negetive
1786,Postive
1787,Postive
1788,Postive
1789,Postive
1790,Postive
1791,Postive
1792,Postive
1793,Postive
1794,Postive
1795,Postive
1796,Postive
1797,Postive
1798,Postive
1799,Postive
1800,Postive
1801,Negetive
1802,Postive
1803,Postive
1804,Postive
1805,Postive
1806,Postive
1807,Negetive
1808,Postive
1809,Postive
1810,Postive
1811,Postive
1812,Postive
1813,Postive
1814,Postive
1815,Postive
1816,Postive
1817,Postive
1818,Postive
1819,Postive
1820,Negetive
1821,Postive
1822,Postive
1823,Postive
1824,Postive
1825,Postive
1826,Postive
1827,Postive
1828,Postive
1829,Postive
1830,Postive
1831,Postive
1832,Postive
1833,Postive
1834,Postive
1835,Postive
1836,Postive
1837,Postive
1838,Postive
1839,Postive
1840,Postive
1841,Postive
1842,Postive
1843,Postive
1844,Postive
1845,Postive
1846,Postive
1847,Postive
1848,Postive
1849,Postive
1850,Postive
1851,Postive
1852,Postive
1853,Postive
1854,Postive
1855,Postive
1856,Postive
1857,Postive
1858,Postive
1859,Postive
1860,Postive
1861,Postive
1862,Postive
1863,Postive
1864,Postive
1865,Postive
1866,Postive
1867,Postive
1868,Postive
1869,Negetive
1870,Negetive
1871,Postive
1872,Postive
1873,Postive
1874,Postive
1875,Postive
1876,Postive
1877,Postive
1878,Postive
1879,Postive
1880,Postive
1881,Postive
1882,Postive
1883,Postive
1884,Postive
1885,Postive
1886,Postive
1887,Postive
1888,Postive
1889,Postive
1890,Postive
1891,Postive
1892,Postive
1893,Postive
1894,Postive
1895,Postive
1896,Postive
1897,Postive
1898,Postive
1899,Postive
1900,Postive
1901,Postive
1902,Postive
1903,Postive
1904,Postive
1905,Postive
1906,Postive
1907,Postive
1908,Postive
1909,Postive
1910,Postive
1911,Postive
1912,Postive
1913,Postive
1914,Postive
1915,Postive
1916,Postive
1917,Postive
1918,Postive
1919,Postive
1920,Postive
1921,Postive
1922,Postive
1923,Postive
1924,Postive
1925,Postive
1926,Postive
1927,Postive
1928,Postive
1929,Postive
1930,Postive
1931,Postive
1932,Postive
1933,Postive
1934,Postive
1935,Postive
1936,Postive
1937,Postive
1938,Postive
1939,Postive
1940,Postive
1941,Postive
1942,Postive
1943,Postive
1944,Postive
1945,Postive
1946,Postive
1947,Postive
1948,Postive
1949,Postive
1950,Postive
1951,Postive
1952,Postive
1953,Postive
1954,Postive
1955,Postive
1956,Postive
1957,Postive
1958,Postive
1959,Postive
1960,Postive
1961,Postive
1962,Postive
1963,Postive
1964,Postive
1965,Postive
1966,Postive
1967,Postive
1968,Postive
1969,Postive
1970,Postive
1971,Postive
1972,Postive
1973,Postive
1974,Postive
1975,Postive
1976,Postive
1977,Postive
1978,Postive
1979,Postive
1980,Postive
1981,Postive
1982,Postive
1983,Postive
1984,Postive
1985,Postive
1986,Postive
1987,Postive
1988,Postive
1989,Postive
1990,Postive
1991,Postive
1992,Postive
1993,Postive
1994,Postive
1995,Postive
1996,Postive
1997,Postive
1998,Postive
1999,Postive
2000,Postive
2001,Postive
2002,Postive
2003,Postive
2004,Postive
2005,Postive
2006,Postive
2007,Postive
2008,Postive
2009,Postive
2010,Postive
2011,Postive
2012,Postive
2013,Postive
2014,Postive
2015,Postive
2016,Postive
2017,Postive
2018,Postive
2019,Postive
2020,Postive
2021,Postive
2022,Postive
2023,Postive
2024,Postive
2025,Postive
2026,Postive
2027,Postive
2028,Postive
2029,Postive
2030,Postive
2031,Postive
2032,Postive
2033,Postive
2034,Postive
2035,Postive
2036,Postive
2037,Postive
2038,Postive
2039,Postive
2040,Postive
2041,Postive
2042,Postive
2043,Postive
2044,Postive
2045,Postive
2046,Postive
2047,Postive
2048,Postive
2049,Postive
2050,Postive
2051,Postive
2052,Postive
2053,Postive
2054,Postive
2055,Postive
2056,Postive
2057,Postive
2058,Postive
2059,Postive
2060,Postive
2061,Postive
2062,Postive
2063,Postive
2064,Postive
2065,Postive
2066,Postive
2067,Postive
2068,Postive
2069,Postive
2070,Postive
2071,Postive
2072,Postive
2073,Postive
2074,Postive
2075,Negetive
2076,Postive
2077,Postive
2078,Postive
2079,Postive
2080,Postive
2081,Postive
2082,Postive
2083,Postive
2084,Postive
2085,Postive
2086,Postive
2087,Postive
2088,Postive
2089,Postive
2090,Postive
2091,Postive
2092,Postive
2093,Postive
2094,Postive
2095,Postive
2096,Postive
2097,Postive
2098,Postive
2099,Postive
2100,Postive
2101,Postive
2102,Postive
2103,Postive
2104,Postive
2105,Postive
2106,Postive
2107,Postive
2108,Postive
2109,Postive
2110,Postive
2111,Postive
2112,Postive
2113,Postive
2114,Postive
2115,Postive
2116,Postive
2117,Postive
2118,Postive
2119,Negetive
2120,Postive
2121,Negetive
2122,Postive
2123,Postive
2124,Postive
2125,Postive
2126,Postive
2127,Postive
2128,Postive
2129,Postive
2130,Negetive
2131,Postive
2132,Postive
2133,Postive
2134,Postive
2135,Postive
2136,Postive
2137,Postive
2138,Postive
2139,Postive
2140,Postive
2141,Postive
2142,Postive
2143,Postive
2144,Postive
2145,Postive
2146,Negetive
2147,Postive
2148,Postive
2149,Postive
2150,Postive
2151,Postive
2152,Postive
2153,Postive
2154,Postive
2155,Postive
2156,Postive
2157,Postive
2158,Postive
2159,Postive
2160,Postive
2161,Postive
2162,Postive
2163,Postive
2164,Postive
2165,Postive
2166,Postive
2167,Postive
2168,Postive
2169,Postive
2170,Postive
2171,Postive
2172,Postive
2173,Postive
2174,Postive
2175,Postive
2176,Postive
2177,Postive
2178,Postive
2179,Postive
2180,Postive
2181,Postive
2182,Postive
2183,Postive
2184,Postive
2185,Postive
2186,Postive
2187,Postive
2188,Postive
2189,Postive
2190,Postive
2191,Postive
2192,Negetive
2193,Postive
2194,Postive
2195,Postive
2196,Postive
2197,Postive
2198,Postive
2199,Postive
2200,Postive
2201,Postive
2202,Postive
2203,Postive
2204,Postive
2205,Postive
2206,Postive
2207,Postive
2208,Postive
2209,Postive
2210,Postive
2211,Postive
2212,Postive
2213,Postive
2214,Postive
2215,Postive
2216,Postive
2217,Postive
2218,Postive
2219,Postive
2220,Postive
2221,Postive
2222,Postive
2223,Postive
2224,Postive
2225,Postive
2226,Postive
2227,Postive
2228,Postive
2229,Negetive
2230,Postive
2231,Postive
2232,Postive
2233,Postive
2234,Postive
2235,Postive
2236,Postive
2237,Postive
2238,Postive
2239,Postive
2240,Postive
2241,Postive
2242,Postive
2243,Postive
2244,Postive
2245,Postive
2246,Postive
2247,Postive
2248,Postive
2249,Postive
2250,Postive
2251,Postive
2252,Postive
2253,Postive
2254,Postive
2255,Postive
2256,Postive
2257,Postive
2258,Postive
2259,Postive
2260,Postive
2261,Postive
2262,Negetive
2263,Postive
2264,Postive
2265,Postive
2266,Postive
2267,Postive
2268,Postive
2269,Postive
2270,Postive
2271,Postive
2272,Negetive
2273,Postive
2274,Postive
2275,Postive
2276,Postive
2277,Postive
2278,Postive
2279,Postive
2280,Postive
2281,Postive
2282,Postive
2283,Postive
2284,Postive
2285,Postive
2286,Postive
2287,Postive
2288,Postive
2289,Postive
2290,Postive
2291,Postive
2292,Postive
2293,Postive
2294,Postive
2295,Postive
2296,Postive
2297,Postive
2298,Postive
2299,Postive
2300,Postive
2301,Postive
2302,Postive
2303,Postive
2304,Postive
2305,Postive
2306,Postive
2307,Postive
2308,Postive
2309,Postive
2310,Postive
2311,Postive
2312,Postive
2313,Postive
2314,Postive
2315,Postive
2316,Postive
2317,Postive
2318,Postive
2319,Postive
2320,Postive
2321,Postive
2322,Postive
2323,Postive
2324,Postive
2325,Postive
2326,Postive
2327,Postive
2328,Postive
2329,Postive
2330,Postive
2331,Postive
2332,Postive
2333,Postive
2334,Postive
2335,Postive
2336,Postive
2337,Postive
2338,Postive
2339,Postive
2340,Postive
2341,Postive
2342,Postive
2343,Postive
2344,Postive
2345,Postive
2346,Negetive
2347,Negetive
2348,Postive
2349,Postive
2350,Postive
2351,Postive
2352,Postive
2353,Postive
2354,Postive
2355,Postive
2356,Postive
2357,Postive
2358,Postive
2359,Postive
2360,Postive
2361,Postive
2362,Postive
2363,Postive
2364,Postive
2365,Postive
2366,Postive
2367,Postive
2368,Postive
2369,Postive
2370,Postive
2371,Postive
2372,Postive
2373,Postive
2374,Postive
2375,Postive
2376,Postive
2377,Postive
2378,Postive
2379,Postive
2380,Postive
2381,Postive
2382,Postive
2383,Postive
2384,Postive
2385,Postive
2386,Postive
2387,Postive
2388,Postive
2389,Postive
2390,Postive
2391,Postive
2392,Postive
2393,Postive
2394,Postive
2395,Postive
2396,Postive
2397,Postive
2398,Postive
2399,Negetive
2400,Postive
2401,Postive
2402,Postive
2403,Postive
2404,Postive
2405,Postive
2406,Postive
2407,Postive
2408,Postive
2409,Postive
2410,Postive
2411,Postive
2412,Postive
2413,Postive
2414,Postive
2415,Postive
2416,Postive
2417,Postive
2418,Negetive
2419,Postive
2420,Postive
2421,Postive
2422,Postive
2423,Postive
2424,Postive
2425,Postive
2426,Postive
2427,Postive
2428,Postive
2429,Postive
2430,Postive
2431,Postive
2432,Postive
2433,Postive
2434,Postive
2435,Postive
2436,Postive
2437,Postive
2438,Postive
2439,Postive
2440,Postive
2441,Postive
2442,Postive
2443,Postive
2444,Postive
2445,Postive
2446,Postive
2447,Postive
2448,Postive
2449,Postive
2450,Postive
2451,Postive
2452,Postive
2453,Postive
2454,Negetive
2455,Postive
2456,Postive
2457,Postive
2458,Postive
2459,Postive
2460,Negetive
2461,Postive
2462,Postive
2463,Postive
2464,Postive
2465,Postive
2466,Postive
2467,Postive
2468,Postive
2469,Postive
2470,Postive
2471,Negetive
2472,Postive
2473,Postive
2474,Postive
2475,Postive
2476,Postive
2477,Postive
2478,Postive
2479,Negetive
2480,Postive
2481,Postive
2482,Postive
2483,Postive
2484,Postive
2485,Postive
2486,Postive
2487,Postive
2488,Postive
2489,Postive
2490,Postive
2491,Negetive
2492,Postive
2493,Postive
2494,Negetive
2495,Postive
2496,Postive
2497,Postive
2498,Postive
2499,Postive
2500,Postive
2501,Postive
2502,Postive
2503,Postive
2504,Postive
2505,Postive
2506,Postive
2507,Postive
2508,Postive
2509,Postive
2510,Postive
2511,Postive
2512,Postive
2513,Postive
2514,Postive
2515,Postive
2516,Postive
2517,Postive
2518,Postive
2519,Postive
2520,Postive
2521,Postive
2522,Postive
2523,Postive
2524,Postive
2525,Postive
2526,Postive
2527,Postive
2528,Postive
2529,Negetive
2530,Negetive
2531,Negetive
2532,Postive
2533,Postive
2534,Postive
2535,Postive
2536,Postive
2537,Postive
2538,Postive
2539,Postive
2540,Negetive
2541,Postive
2542,Postive
2543,Postive
2544,Postive
2545,Negetive
2546,Negetive
2547,Postive
2548,Postive
2549,Postive
2550,Postive
2551,Postive
2552,Postive
2553,Postive
2554,Postive
2555,Postive
2556,Postive
2557,Postive
2558,Postive
2559,Postive
2560,Postive
2561,Postive
2562,Postive
2563,Postive
2564,Negetive
2565,Postive
2566,Postive
2567,Postive
2568,Postive
2569,Postive
2570,Postive
2571,Postive
2572,Postive
2573,Postive
2574,Postive
2575,Postive
2576,Postive
2577,Postive
2578,Postive
2579,Postive
2580,Postive
2581,Postive
2582,Postive
2583,Postive
2584,Postive
2585,Negetive
2586,Postive
2587,Postive
2588,Negetive
2589,Postive
2590,Postive
2591,Postive
2592,Postive
2593,Postive
2594,Postive
2595,Postive
2596,Negetive
2597,Negetive
2598,Postive
2599,Postive
2600,Postive
2601,Postive
2602,Postive
2603,Postive
2604,Postive
2605,Postive
2606,Negetive
2607,Postive
2608,Postive
2609,Postive
2610,Postive
2611,Negetive
2612,Negetive
2613,Postive
2614,Postive
2615,Postive
2616,Postive
2617,Postive
2618,Postive
2619,Postive
2620,Postive
2621,Postive
2622,Negetive
2623,Postive
2624,Postive
2625,Negetive
2626,Postive
2627,Postive
2628,Postive
2629,Postive
2630,Postive
2631,Postive
2632,Postive
2633,Postive
2634,Postive
2635,Negetive
2636,Postive
2637,Postive
2638,Postive
2639,Postive
2640,Postive
2641,Negetive
2642,Postive
2643,Postive
2644,Postive
2645,Postive
2646,Postive
2647,Negetive
2648,Negetive
2649,Postive
2650,Postive
2651,Postive
2652,Postive
2653,Postive
2654,Postive
2655,Negetive
2656,Postive
2657,Postive
2658,Postive
2659,Postive
2660,Postive
2661,Negetive
2662,Postive
2663,Postive
2664,Postive
2665,Postive
2666,Postive
2667,Postive
2668,Postive
2669,Postive
2670,Postive
2671,Postive
2672,Postive
2673,Negetive
2674,Postive
2675,Negetive
2676,Postive
2677,Postive
2678,Postive
2679,Postive
2680,Postive
2681,Postive
2682,Postive
2683,Postive
2684,Postive
2685,Postive
2686,Postive
2687,Postive
2688,Postive
2689,Postive
2690,Postive
2691,Postive
2692,Postive
2693,Postive
2694,Postive
2695,Postive
2696,Postive
2697,Postive
2698,Postive
2699,Postive
2700,Postive
2701,Postive
2702,Postive
2703,Postive
2704,Postive
2705,Postive
2706,Postive
2707,Postive
2708,Postive
2709,Postive
2710,Postive
2711,Postive
2712,Postive
2713,Postive
2714,Postive
2715,Postive
2716,Postive
2717,Postive
2718,Postive
2719,Postive
2720,Postive
2721,Postive
2722,Postive
2723,Postive
2724,Postive
2725,Postive
2726,Postive
2727,Postive
2728,Postive
2729,Postive
2730,Postive
2731,Postive
2732,Postive
2733,Postive
2734,Postive
2735,Postive
2736,Postive
2737,Negetive
2738,Negetive
2739,Postive
2740,Postive
2741,Postive
2742,Postive
2743,Postive
2744,Postive
2745,Postive
2746,Negetive
2747,Postive
2748,Postive
2749,Negetive
2750,Postive
2751,Postive
2752,Postive
2753,Postive
2754,Postive
2755,Postive
2756,Postive
2757,Postive
2758,Postive
2759,Postive
2760,Postive
2761,Postive
2762,Postive
2763,Postive
2764,Postive
2765,Postive
2766,Postive
2767,Postive
2768,Postive
2769,Postive
2770,Postive
2771,Postive
2772,Postive
2773,Postive
2774,Postive
2775,Postive
2776,Postive
2777,Postive
2778,Postive
2779,Postive
2780,Postive
2781,Postive
2782,Postive
2783,Postive
2784,Postive
2785,Postive
2786,Postive
2787,Postive
2788,Postive
2789,Postive
2790,Postive
2791,Postive
2792,Postive
2793,Postive
2794,Postive
2795,Postive
2796,Postive
2797,Postive
2798,Postive
2799,Postive
2800,Postive
2801,Postive
2802,Postive
2803,Postive
2804,Postive
2805,Postive
2806,Postive
2807,Postive
2808,Postive
2809,Postive
2810,Postive
2811,Postive
2812,Postive
2813,Postive
2814,Postive
2815,Postive
2816,Postive
2817,Postive
2818,Postive
2819,Negetive
2820,Postive
2821,Postive
2822,Postive
2823,Postive
2824,Negetive
2825,Postive
2826,Postive
2827,Postive
2828,Postive
2829,Postive
2830,Postive
2831,Postive
2832,Postive
2833,Postive
2834,Postive
2835,Postive
2836,Postive
2837,Postive
2838,Postive
2839,Postive
2840,Postive
2841,Postive
2842,Postive
2843,Postive
2844,Postive
2845,Postive
2846,Postive
2847,Postive
2848,Postive
2849,Negetive
2850,Postive
2851,Postive
2852,Postive
2853,Postive
2854,Postive
2855,Postive
2856,Postive
2857,Postive
2858,Postive
2859,Postive
2860,Postive
2861,Postive
2862,Postive
2863,Postive
2864,Postive
2865,Postive
2866,Postive
2867,Postive
2868,Postive
2869,Postive
2870,Postive
2871,Postive
2872,Postive
2873,Postive
2874,Postive
2875,Postive
2876,Postive
2877,Postive
2878,Postive
2879,Postive
2880,Postive
2881,Postive
2882,Postive
2883,Postive
2884,Postive
2885,Postive
2886,Postive
2887,Postive
2888,Postive
2889,Postive
2890,Postive
2891,Postive
2892,Postive
2893,Postive
2894,Postive
2895,Postive
2896,Postive
2897,Postive
2898,Postive
2899,Postive
2900,Postive
2901,Postive
2902,Postive
2903,Postive
2904,Postive
2905,Postive
2906,Postive
2907,Postive
2908,Postive
2909,Postive
2910,Postive
2911,Postive
2912,Postive
2913,Postive
2914,Postive
2915,Postive
2916,Postive
2917,Postive
2918,Postive
2919,Postive
2920,Postive
2921,Postive
2922,Postive
2923,Postive
2924,Postive
2925,Postive
2926,Postive
2927,Postive
2928,Postive
2929,Postive
2930,Postive
2931,Postive
2932,Postive
2933,Postive
2934,Postive
2935,Postive
2936,Postive
2937,Postive
2938,Postive
2939,Postive
2940,Postive
2941,Postive
2942,Postive
2943,Postive
2944,Postive
2945,Postive
2946,Postive
2947,Postive
2948,Postive
2949,Postive
2950,Postive
2951,Postive
2952,Postive
2953,Postive
2954,Postive
2955,Postive
2956,Postive
2957,Postive
2958,Postive
2959,Postive
2960,Postive
2961,Postive
2962,Postive
2963,Postive
2964,Postive
2965,Postive
2966,Postive
2967,Postive
2968,Postive
2969,Postive
2970,Postive
2971,Postive
2972,Postive
2973,Postive
2974,Postive
2975,Postive
2976,Postive
2977,Postive
2978,Postive
2979,Postive
2980,Postive
2981,Postive
2982,Postive
2983,Postive
2984,Postive
2985,Negetive
2986,Postive
2987,Postive
2988,Postive
2989,Postive
2990,Postive
2991,Postive
2992,Negetive
2993,Postive
2994,Postive
2995,Postive
2996,Postive
2997,Postive
2998,Postive
2999,Postive
3000,Postive
3001,Postive
3002,Negetive
3003,Postive
3004,Postive
3005,Postive
3006,Postive
3007,Postive
3008,Postive
3009,Postive
3010,Postive
3011,Postive
3012,Postive
3013,Postive
3014,Postive
3015,Postive
3016,Postive
3017,Postive
3018,Postive
3019,Postive
3020,Postive
3021,Postive
3022,Postive
3023,Postive
3024,Postive
3025,Postive
3026,Postive
3027,Postive
3028,Postive
3029,Postive
3030,Postive
3031,Postive
3032,Postive
3033,Postive
3034,Postive
3035,Postive
3036,Postive
3037,Postive
3038,Postive
3039,Postive
3040,Postive
3041,Postive
3042,Postive
3043,Postive
3044,Postive
3045,Postive
3046,Postive
3047,Postive
3048,Postive
3049,Postive
3050,Postive
3051,Postive
3052,Postive
3053,Postive
3054,Postive
3055,Postive
3056,Postive
3057,Postive
3058,Postive
3059,Postive
3060,Postive
3061,Postive
3062,Postive
3063,Postive
3064,Postive
3065,Postive
3066,Postive
3067,Postive
3068,Postive
3069,Postive
3070,Postive
3071,Postive
3072,Postive
3073,Postive
3074,Postive
3075,Postive
3076,Postive
3077,Postive
3078,Postive
3079,Postive
3080,Postive
3081,Postive
3082,Postive
3083,Postive
3084,Postive
3085,Postive
3086,Postive
3087,Postive
3088,Postive
3089,Postive
3090,Postive
3091,Postive
3092,Postive
3093,Postive
3094,Postive
3095,Postive
3096,Postive
3097,Postive
3098,Postive
3099,Postive
3100,Postive
3101,Postive
3102,Postive
3103,Postive
3104,Postive
3105,Postive
3106,Postive
3107,Postive
3108,Postive
3109,Postive
3110,Postive
3111,Postive
3112,Postive
3113,Postive
3114,Postive
3115,Postive
3116,Postive
3117,Postive
3118,Postive
3119,Postive
3120,Postive
3121,Postive
3122,Postive
3123,Postive
3124,Postive
3125,Negetive
3126,Postive
3127,Postive
3128,Postive
3129,Postive
3130,Postive
3131,Postive
3132,Postive
3133,Negetive
3134,Postive
3135,Postive
3136,Postive
3137,Postive
3138,Postive
3139,Postive
3140,Postive
3141,Postive
3142,Postive
3143,Postive
3144,Postive
3145,Postive
3146,Postive
3147,Postive
3148,Postive
3149,Postive
3150,Postive
3151,Postive
3152,Postive
3153,Postive
3154,Postive
3155,Negetive
3156,Postive
3157,Postive
3158,Postive
3159,Postive
3160,Postive
3161,Postive
3162,Postive
3163,Negetive
3164,Postive
3165,Postive
3166,Postive
3167,Postive
3168,Postive
3169,Postive
3170,Postive
3171,Postive
3172,Postive
3173,Postive
3174,Postive
3175,Postive
3176,Postive
3177,Postive
3178,Postive
3179,Negetive
3180,Postive
3181,Postive
3182,Postive
3183,Postive
3184,Postive
3185,Postive
3186,Negetive
3187,Postive
3188,Postive
3189,Negetive
3190,Postive
3191,Postive
3192,Postive
3193,Postive
3194,Postive
3195,Negetive
3196,Postive
3197,Postive
3198,Postive
3199,Postive
3200,Postive
3201,Postive
3202,Postive
3203,Postive
3204,Negetive
3205,Postive
3206,Postive
3207,Postive
3208,Postive
3209,Postive
3210,Postive
3211,Postive
3212,Postive
3213,Negetive
3214,Postive
3215,Negetive
3216,Postive
3217,Postive
3218,Postive
3219,Postive
3220,Postive
3221,Negetive
3222,Postive
3223,Negetive
3224,Postive
3225,Postive
3226,Postive
3227,Postive
3228,Negetive
3229,Postive
3230,Postive
3231,Postive
3232,Postive
3233,Postive
3234,Postive
3235,Postive
3236,Postive
3237,Postive
3238,Postive
3239,Postive
3240,Postive
3241,Postive
3242,Postive
3243,Negetive
3244,Negetive
3245,Postive
3246,Postive
3247,Postive
3248,Postive
3249,Postive
3250,Postive
3251,Postive
3252,Postive
3253,Postive
3254,Postive
3255,Postive
3256,Postive
3257,Postive
3258,Postive
3259,Postive
3260,Postive
3261,Postive
3262,Postive
3263,Postive
3264,Postive
3265,Postive
3266,Postive
3267,Postive
3268,Postive
3269,Postive
3270,Postive
3271,Postive
3272,Postive
3273,Postive
3274,Postive
3275,Postive
3276,Postive
3277,Postive
3278,Postive
3279,Postive
3280,Postive
3281,Postive
3282,Postive
3283,Postive
3284,Postive
3285,Postive
3286,Postive
3287,Postive
3288,Postive
3289,Postive
3290,Postive
3291,Postive
3292,Negetive
3293,Postive
3294,Postive
3295,Postive
3296,Postive
3297,Postive
3298,Postive
3299,Postive
3300,Postive
3301,Postive
3302,Postive
3303,Postive
3304,Postive
3305,Postive
3306,Postive
3307,Postive
3308,Postive
3309,Postive
3310,Postive
3311,Postive
3312,Postive
3313,Postive
3314,Postive
3315,Postive
3316,Postive
3317,Postive
3318,Postive
3319,Postive
3320,Postive
3321,Postive
3322,Postive
3323,Postive
3324,Postive
3325,Postive
3326,Postive
3327,Postive
3328,Postive
3329,Postive
3330,Postive
3331,Postive
3332,Postive
3333,Postive
3334,Postive
3335,Postive
3336,Postive
3337,Postive
3338,Postive
3339,Postive
3340,Postive
3341,Postive
3342,Postive
3343,Postive
3344,Postive
3345,Postive
3346,Postive
3347,Postive
3348,Postive
3349,Postive
3350,Postive
3351,Postive
3352,Postive
3353,Postive
3354,Postive
3355,Postive
3356,Postive
3357,Postive
3358,Postive
3359,Postive
3360,Postive
3361,Postive
3362,Postive
3363,Postive
3364,Postive
3365,Postive
3366,Postive
3367,Postive
3368,Postive
3369,Postive
3370,Postive
3371,Postive
3372,Postive
3373,Postive
3374,Postive
3375,Postive
3376,Postive
3377,Postive
3378,Postive
3379,Postive
3380,Postive
3381,Postive
3382,Postive
3383,Postive
3384,Postive
3385,Postive
3386,Postive
3387,Postive
3388,Postive
3389,Postive
3390,Postive
3391,Postive
3392,Postive
3393,Postive
3394,Postive
3395,Postive
3396,Postive
3397,Postive
3398,Postive
3399,Postive
3400,Postive
3401,Postive
3402,Postive
3403,Postive
3404,Negetive
3405,Negetive
3406,Postive
3407,Postive
3408,Postive
3409,Postive
3410,Negetive
3411,Postive
3412,Postive
3413,Postive
3414,Postive
3415,Postive
3416,Postive
3417,Postive
3418,Postive
3419,Negetive
3420,Negetive
3421,Negetive
3422,Postive
3423,Postive
3424,Postive
3425,Negetive
3426,Postive
3427,Postive
3428,Postive
3429,Postive
3430,Postive
3431,Postive
3432,Postive
3433,Postive
3434,Postive
3435,Postive
3436,Negetive
3437,Negetive
3438,Negetive
3439,Postive
3440,Postive
3441,Negetive
3442,Negetive
3443,Postive
3444,Negetive
3445,Postive
3446,Postive
3447,Postive
3448,Postive
3449,Postive
3450,Postive
3451,Postive
3452,Negetive
3453,Postive
3454,Postive
3455,Postive
3456,Postive
3457,Postive
3458,Postive
3459,Negetive
3460,Postive
3461,Postive
3462,Postive
3463,Postive
3464,Postive
3465,Postive
3466,Postive
3467,Postive
3468,Negetive
3469,Postive
3470,Postive
3471,Negetive
3472,Postive
3473,Negetive
3474,Postive
3475,Negetive
3476,Postive
3477,Postive
3478,Postive
3479,Postive
3480,Postive
3481,Postive
3482,Postive
3483,Postive
3484,Negetive
3485,Postive
3486,Postive
3487,Postive
3488,Negetive
3489,Negetive
3490,Postive
3491,Postive
3492,Postive
3493,Postive
3494,Postive
3495,Postive
3496,Postive
3497,Postive
3498,Postive
3499,Postive
3500,Postive
3501,Postive
3502,Postive
3503,Postive
3504,Postive
3505,Postive
3506,Postive
3507,Postive
3508,Postive
3509,Postive
3510,Postive
3511,Negetive
3512,Postive
3513,Postive
3514,Postive
3515,Postive
3516,Postive
3517,Postive
3518,Negetive
3519,Postive
3520,Postive
3521,Postive
3522,Postive
3523,Postive
3524,Postive
3525,Postive
3526,Postive
3527,Postive
3528,Postive
3529,Postive
3530,Postive
3531,Postive
3532,Postive
3533,Postive
3534,Postive
3535,Postive
3536,Postive
3537,Postive
3538,Postive
3539,Postive
3540,Postive
3541,Postive
3542,Postive
3543,Postive
3544,Postive
3545,Postive
3546,Postive
3547,Postive
3548,Postive
3549,Postive
3550,Postive
3551,Negetive
3552,Postive
3553,Postive
3554,Postive
3555,Postive
3556,Postive
3557,Postive
3558,Postive
3559,Postive
3560,Postive
3561,Postive
3562,Postive
3563,Postive
3564,Negetive
3565,Postive
3566,Postive
3567,Postive
3568,Negetive
3569,Postive
3570,Negetive
3571,Postive
3572,Postive
3573,Postive
3574,Postive
3575,Postive
3576,Postive
3577,Postive
3578,Postive
3579,Postive
3580,Postive
3581,Postive
3582,Postive
3583,Postive
3584,Postive
3585,Postive
3586,Postive
3587,Postive
3588,Postive
3589,Postive
3590,Postive
3591,Postive
3592,Postive
3593,Postive
3594,Postive
3595,Postive
3596,Postive
3597,Postive
3598,Postive
3599,Postive
3600,Postive
3601,Postive
3602,Postive
3603,Postive
3604,Postive
3605,Postive
3606,Postive
3607,Postive
3608,Postive
3609,Postive
3610,Postive
3611,Negetive
3612,Postive
3613,Postive
3614,Postive
3615,Postive
3616,Postive
3617,Postive
3618,Postive
3619,Negetive
3620,Postive
3621,Postive
3622,Postive
3623,Postive
3624,Postive
3625,Postive
3626,Postive
3627,Postive
3628,Postive
3629,Postive
3630,Postive
3631,Postive
3632,Postive
3633,Postive
3634,Postive
3635,Postive
3636,Postive
3637,Postive
3638,Postive
3639,Postive
3640,Postive
3641,Postive
3642,Postive
3643,Postive
3644,Postive
3645,Postive
3646,Postive
3647,Postive
3648,Postive
3649,Postive
3650,Negetive
3651,Postive
3652,Postive
3653,Postive
3654,Postive
3655,Postive
3656,Negetive
3657,Postive
3658,Postive
3659,Postive
3660,Postive
3661,Postive
3662,Postive
3663,Negetive
3664,Postive
3665,Postive
3666,Postive
3667,Negetive
3668,Postive
3669,Postive
3670,Postive
3671,Postive
3672,Negetive
3673,Postive
3674,Postive
3675,Postive
3676,Postive
3677,Postive
3678,Postive
3679,Postive
3680,Postive
3681,Postive
3682,Postive
3683,Postive
3684,Postive
3685,Postive
3686,Postive
3687,Postive
3688,Postive
3689,Postive
3690,Postive
3691,Postive
3692,Postive
3693,Postive
3694,Postive
3695,Postive
3696,Postive
3697,Postive
3698,Postive
3699,Postive
3700,Postive
3701,Postive
3702,Postive
3703,Postive
3704,Postive
3705,Postive
3706,Postive
3707,Postive
3708,Postive
3709,Postive
3710,Postive
3711,Postive
3712,Postive
3713,Postive
3714,Postive
3715,Postive
3716,Postive
3717,Postive
3718,Postive
3719,Postive
3720,Postive
3721,Negetive
3722,Postive
3723,Postive
3724,Postive
3725,Postive
3726,Postive
3727,Postive
3728,Postive
3729,Postive
3730,Postive
3731,Postive
3732,Postive
3733,Postive
3734,Postive
3735,Postive
3736,Postive
3737,Postive
3738,Postive
3739,Negetive
3740,Postive
3741,Postive
3742,Postive
3743,Postive
3744,Postive
3745,Postive
3746,Negetive
3747,Postive
3748,Postive
3749,Postive
3750,Negetive
3751,Postive
3752,Postive
3753,Postive
3754,Postive
3755,Postive
3756,Postive
3757,Postive
3758,Postive
3759,Postive
3760,Postive
3761,Postive
3762,Postive
3763,Postive
3764,Postive
3765,Postive
3766,Postive
3767,Postive
3768,Postive
3769,Postive
3770,Postive
3771,Postive
3772,Postive
3773,Negetive
3774,Negetive
3775,Postive
3776,Postive
3777,Postive
3778,Postive
3779,Postive
3780,Postive
3781,Postive
3782,Postive
3783,Postive
3784,Postive
3785,Postive
3786,Postive
3787,Postive
3788,Postive
3789,Postive
3790,Postive
3791,Postive
3792,Postive
3793,Postive
3794,Postive
3795,Negetive
3796,Postive
3797,Postive
3798,Postive
3799,Negetive
3800,Postive
3801,Postive
3802,Postive
3803,Postive
3804,Postive
3805,Postive
3806,Postive
3807,Negetive
3808,Postive
3809,Postive
3810,Postive
3811,Postive
3812,Postive
3813,Postive
3814,Postive
3815,Postive
3816,Postive
3817,Negetive
3818,Postive
3819,Postive
3820,Postive
3821,Postive
3822,Negetive
3823,Postive
3824,Postive
3825,Negetive
3826,Postive
3827,Negetive
3828,Postive
3829,Postive
3830,Postive
3831,Negetive
3832,Postive
3833,Postive
3834,Postive
3835,Negetive
3836,Postive
3837,Negetive
3838,Postive
3839,Postive
3840,Postive
3841,Postive
3842,Postive
3843,Postive
3844,Postive
3845,Postive
3846,Postive
3847,Postive
3848,Postive
3849,Postive
3850,Postive
3851,Postive
3852,Postive
3853,Postive
3854,Postive
3855,Postive
3856,Postive
3857,Postive
3858,Postive
3859,Postive
3860,Postive
3861,Postive
3862,Postive
3863,Postive
3864,Postive
3865,Postive
3866,Postive
3867,Postive
3868,Postive
3869,Postive
3870,Postive
3871,Postive
3872,Postive
3873,Postive
3874,Postive
3875,Postive
3876,Postive
3877,Postive
3878,Postive
3879,Postive
3880,Postive
3881,Postive
3882,Postive
3883,Postive
3884,Postive
3885,Postive
3886,Postive
3887,Postive
3888,Postive
3889,Postive
3890,Postive
3891,Postive
3892,Postive
3893,Postive
3894,Postive
3895,Postive
3896,Postive
3897,Postive
3898,Postive
3899,Postive
3900,Postive
3901,Postive
3902,Postive
3903,Postive
3904,Postive
3905,Postive
3906,Postive
3907,Postive
3908,Postive
3909,Postive
3910,Postive
3911,Postive
3912,Postive
3913,Postive
